// The long road: Torment tiers, paragon mastery, chapters XI-XV, deep lost pages, late achievements.
// Roman numerals stay as they are in every language.
II	II	II	II	II
III	III	III	III	III
IV	IV	IV	IV	IV
VI	VI	VI	VI	VI
VII	VII	VII	VII	VII
VIII	VIII	VIII	VIII	VIII
IX	IX	IX	IX	IX
XI	XI	XI	XI	XI
XII	XII	XII	XII	XII
XIII	XIII	XIII	XIII	XIII
XIV	XIV	XIV	XIV	XIV
XV	XV	XV	XV	XV
XVI	XVI	XVI	XVI	XVI
XVII	XVII	XVII	XVII	XVII
XVIII	XVIII	XVIII	XVIII	XVIII
XIX	XIX	XIX	XIX	XIX
XX	XX	XX	XX	XX
TORMENT %s	折磨 %s	折磨 %s	苦痛 %s	고통 %s
THE DEPTHS GROW DARKER. LOOT GROWS RICHER.	深渊更加黑暗，战利品更加丰厚。	深淵更加黑暗，戰利品更加豐厚。	深淵はより暗く、戦利品はより豊かに。	심연은 더 어둡고, 전리품은 더 풍성해진다.
MASTERY STARTS AT PARAGON %d	巅峰%d级后开启精通	巔峰%d級後開啟精通	パラゴン%dで熟達が始まる	정복자 %d부터 숙련 시작
MASTERY %d: DAMAGE AND LIFE X%s	精通 %d：伤害与生命 x%s	精通 %d：傷害與生命 x%s	熟達 %d：ダメージとライフ x%s	숙련 %d: 피해와 생명력 x%s
+4H OFFLINE CAP	离线上限+4小时	離線上限+4小時	オフライン上限+4時間	오프라인 한도 +4시간
[X]12% DAMAGE	[X]12%伤害	[X]12%傷害	ダメージ[X]12%	피해 [X]12%
FINISH ACT XV	完成第十五幕	完成第十五幕	第十五幕をクリア	제15막 완료
ABYSS WALKER	深渊行者	深淵行者	深淵の歩き手	심연을 걷는 자
THE DEEP DARK	无底黑暗	無底黑暗	底なしの闇	깊은 어둠
DOORKEEPER	守门人	守門人	門番	문지기
BEYOND THE DOOR	门的彼端	門的彼端	扉の向こう	문 너머
NO WAY BACK	无路可退	無路可退	引き返せない	돌아갈 길 없음
BOTTOMLESS	无底深渊	無底深淵	底なし	끝없는 바닥
PARAGON OF ASH	灰烬巅峰	灰燼巔峰	灰のパラゴン	잿빛 정복자
ETERNAL PARAGON	永恒巅峰	永恆巔峰	永遠のパラゴン	영원한 정복자
APOCALYPSE	末日	末日	黙示録	종말
THE END OF ALL THINGS	万物终结	萬物終結	万物の終わり	만물의 끝
CHAMPION SLAYER	勇士屠戮者	勇士屠戮者	チャンピオン殺し	챔피언 학살자
GOBLIN HUNTER	哥布林猎人	哥布林獵人	ゴブリン狩り	고블린 사냥꾼
TREASURE HOARDER	宝藏囤积者	寶藏囤積者	財宝の蒐集家	보물 수집가
LEGEND OF THE BOARD	告示板传奇	告示板傳奇	掲示板の伝説	게시판의 전설
LOREKEEPER	传说守护者	傳說守護者	伝承の守り手	전승의 수호자
THE WHOLE STORY	完整的故事	完整的故事	物語のすべて	이야기의 전부
EVERY ASPECT	所有威能	所有威能	すべての威能	모든 위상
ANCESTRAL ARSENAL	先祖军械库	先祖軍械庫	祖先の武器庫	선조의 무기고
MYTHIC HOARD	神话宝库	神話寶庫	神話の宝庫	신화의 보고
FULL CIRCLE	轮回	輪迴	一巡り	한 바퀴
PHOENIX	凤凰	鳳凰	不死鳥	불사조
ENDLESS CYCLE	无尽轮回	無盡輪迴	終わらぬ輪廻	끝없는 윤회
DEDICATED	专注	專注	ひたむき	전념
A HUNDRED HOURS	一百小时	一百小時	百時間	백 시간
OBSESSED	痴迷	痴迷	取り憑かれた者	집착
THREE HUNDRED HOURS	三百小时	三百小時	三百時間	삼백 시간
ACT XI - SUNKEN THRONE	第十一幕 - 沉没王座	第十一幕 - 沉沒王座	第十一幕 - 沈んだ玉座	제11막 - 가라앉은 왕좌
BELOW THE STILLED HEART LIES A CITY	静止的心脏之下有一座城市，	靜止的心臟之下有一座城市，	止まった心臓の下に都がある。	멈춘 심장 아래에 도시가 있다,
OLDER THAN CINDERMERE, BUILT BY THE STRANGER	比辛德米尔更古老，由那位	比辛德米爾更古老，由那位	シンダーミアより古く、留まることを	신더미어보다 오래된, 머물기로 한
WHO CHOSE TO STAY. ITS PEOPLE NEVER DIED.	选择留下的陌生人建造。其子民从未死去。	選擇留下的陌生人建造。其子民從未死去。	選んだ旅人が築いた。民は死ななかった。	낯선 이가 세운 도시. 백성은 죽지 않았다.
THEY WAITED, KNEELING, FOR A NEW RULER.	他们跪着，等待新的统治者。	他們跪著，等待新的統治者。	跪いて、新たな支配者を待っていた。	그들은 무릎 꿇고 새 군주를 기다렸다.
THEY HAVE DECIDED IT SHOULD BE YOU.	他们认定那个人就是你。	他們認定那個人就是你。	それはお前だと決めたらしい。	그게 너여야 한다고 정했다.
THE PALE REGENT	苍白摄政王	蒼白攝政王	蒼白の摂政	창백한 섭정
THE PALE REGENT LAUGHS AS HE FALLS.	苍白摄政王倒下时大笑。	蒼白攝政王倒下時大笑。	蒼白の摂政は倒れながら笑う。	창백한 섭정이 쓰러지며 웃는다.
"THE HEART WAS NEVER A GOD. IT WAS A DOOR.	“心脏从来不是神。它是一扇门。	「心臟從來不是神。它是一扇門。	「心臓は神ではなかった。扉だったのだ。	"심장은 신이 아니었다. 문이었다.
AND SOMETHING ON THE OTHER SIDE	而门的另一边，有什么东西	而門的另一邊，有什麼東西	そして扉の向こうで、何かが	그리고 반대편의 무언가가
HAS STARTED TO KNOCK."	已经开始敲门了。”	已經開始敲門了。」	叩き始めた」	문을 두드리기 시작했다."
ACT XII - THE ASHEN SEA	第十二幕 - 灰烬之海	第十二幕 - 灰燼之海	第十二幕 - 灰の海	제12막 - 잿빛 바다
THE STONE GIVES WAY TO A SEA OF ASH,	岩石让位于一片灰烬之海，	岩石讓位於一片灰燼之海，	岩は途切れ、灰の海が広がる。	돌이 끝나고 잿빛 바다가 펼쳐진다,
GREY WAVES WITHOUT A SOUND.	灰色的浪无声无息。	灰色的浪無聲無息。	音のない灰色の波。	소리 없는 잿빛 파도.
BOATS OF BONE DRIFT PAST, EMPTY.	白骨之舟空荡荡地漂过。	白骨之舟空蕩蕩地漂過。	骨の舟が空のまま流れていく。	뼈로 만든 배가 텅 빈 채 떠간다.
WITH EVERY STEP THE KNOCKING GROWS LOUDER,	每走一步，敲门声就更响，	每走一步，敲門聲就更響，	一歩ごとにノックは大きくなり、	걸음마다 두드리는 소리가 커지고,
AND THE TORCH IN YOUR HAND BURNS LOW.	你手中的火把越烧越暗。	你手中的火把越燒越暗。	手の松明は小さくなっていく。	손의 횃불은 점점 사그라든다.
THE FERRYMAN OF ASH	灰烬摆渡人	灰燼擺渡人	灰の渡し守	잿빛 뱃사공
THE FERRYMAN SINKS WITH HIS BOAT.	摆渡人和他的船一同沉没。	擺渡人和他的船一同沉沒。	渡し守は舟とともに沈む。	뱃사공이 배와 함께 가라앉는다.
HIS LAST COIN IS STAMPED WITH A GEAR,	他最后一枚硬币上印着齿轮，	他最後一枚硬幣上印著齒輪，	最後の硬貨には歯車の刻印、	마지막 동전에는 톱니바퀴가 찍혀 있다,
THE MARK OF THE DWARF-KINGS.	那是矮人诸王的标记。	那是矮人諸王的標記。	ドワーフ王たちの印だ。	드워프 왕들의 표식이다.
THEY CAME THIS WAY LONG BEFORE YOU.	他们早在你之前就走过这条路。	他們早在你之前就走過這條路。	彼らはお前よりずっと前に来た。	그들은 너보다 훨씬 먼저 이 길을 왔다.
ACT XIII - CLOCKWORK DEEP	第十三幕 - 发条深渊	第十三幕 - 發條深淵	第十三幕 - 機械仕掛けの深淵	제13막 - 태엽의 심연
VAST ENGINES TURN IN THE DARK,	巨大的机械在黑暗中运转，	巨大的機械在黑暗中運轉，	巨大な機関が闇の中で回る、	거대한 기관이 어둠 속에서 돈다,
BUILT BY DWARVES WHO NEVER WENT HOME.	由再也没回家的矮人建造。	由再也沒回家的矮人建造。	帰らなかったドワーフが造ったものだ。	돌아가지 못한 드워프들이 만든 것이다.
EVERY GEAR PUSHES AGAINST THE DOOR,	每个齿轮都在抵住那扇门，	每個齒輪都在抵住那扇門，	すべての歯車が扉を押さえ、	모든 톱니바퀴가 문을 밀어,
HOLDING IT SHUT. SOME HAVE STOPPED.	让它关着。有些已经停了。	讓它關著。有些已經停了。	閉じている。いくつかは止まった。	닫아 두고 있다. 몇 개는 멈췄다.
THE ORACLE THAT RUNS THEM IS AFRAID.	操控它们的神谕正在害怕。	操控它們的神諭正在害怕。	それを動かす神託は怯えている。	그것을 움직이는 신탁이 두려워한다.
THE IRON ORACLE	钢铁神谕	鋼鐵神諭	鉄の神託	강철 신탁
THE ORACLE'S LAST GEAR GRINDS TO A HALT.	神谕的最后一个齿轮嘎然停止。	神諭的最後一個齒輪嘎然停止。	神託の最後の歯車が軋んで止まる。	신탁의 마지막 톱니가 삐걱이며 멈춘다.
"WE DID NOT BUILD THE DOOR TO KEEP IT CLOSED.	“我们造这扇门不是为了关住它。	「我們造這扇門不是為了關住它。	「扉は閉じるために造ったのではない。	"문을 닫아 두려고 만든 게 아니다.
WE BUILT IT TO KEEP SOMETHING OUT:	是为了把某样东西挡在外面：	是為了把某樣東西擋在外面：	何かを締め出すために造った。	무언가를 막으려고 만들었다:
THE NAMELESS TIDE."	无名之潮。”	無名之潮。」	名もなき潮だ」	이름 없는 조류를."
ACT XIV - NAMELESS TIDE	第十四幕 - 无名之潮	第十四幕 - 無名之潮	第十四幕 - 名もなき潮	제14막 - 이름 없는 조류
HERE THE DARK IS ALIVE. IT EATS THE LIGHT,	这里的黑暗是活的。它吞噬光，	這裡的黑暗是活的。它吞噬光，	ここの闇は生きている。光を喰らい、	이곳의 어둠은 살아 있다. 빛을 먹고,
THE SOUND, THE NAMES OF THINGS.	吞噬声音，吞噬万物的名字。	吞噬聲音，吞噬萬物的名字。	音を、ものの名を喰らう。	소리와 사물의 이름을 먹는다.
YOUR TORCH IS THE ONLY FIRE LEFT,	你的火把是仅存的火，	你的火把是僅存的火，	お前の松明が最後の火だ、	네 횃불이 남은 유일한 불이고,
AND THE TIDE LEANS TOWARD IT, HUNGRY.	而潮水饥饿地朝它涌来。	而潮水飢餓地朝它湧來。	潮は飢えてそこへ寄ってくる。	조류가 굶주린 채 그쪽으로 기운다.
A HERALD WALKS AHEAD OF THE WAVE.	一名使者走在浪潮的前方。	一名使者走在浪潮的前方。	波の先を使者が歩いてくる。	전령이 파도 앞을 걷는다.
THE TIDE'S HERALD	潮汐使者	潮汐使者	潮の使者	조류의 전령
THE HERALD DISSOLVES INTO THE DARK.	使者消散在黑暗中。	使者消散在黑暗中。	使者は闇に溶けていく。	전령이 어둠 속으로 녹아든다.
THE TIDE PULLS BACK, JUST FOR A MOMENT,	潮水退去，只有一瞬间，	潮水退去，只有一瞬間，	潮が引く。ほんの一瞬だけ、	조류가 물러난다, 아주 잠깐,
AND THERE IT IS: THE DOOR ITSELF,	而它就在那里：那扇门，	而它就在那裡：那扇門，	そこにあった。扉そのものが、	그리고 거기 있다: 문 그 자체가,
STANDING OPEN.	敞开着。	敞開著。	開いたまま立っている。	열린 채로.
ACT XV - THE OTHER SIDE	第十五幕 - 彼岸	第十五幕 - 彼岸	第十五幕 - 向こう側	제15막 - 저편
BEYOND THE DOOR LIES CINDERMERE,	门的那边是辛德米尔，	門的那邊是辛德米爾，	扉の向こうにはシンダーミアがある、	문 너머에 신더미어가 있다,
BUT HERE THE ASH NEVER FELL.	但这里从未落下过灰烬。	但這裡從未落下過灰燼。	だがここでは灰は降らなかった。	하지만 이곳엔 재가 내린 적이 없다.
THE BELLS RING. THE MARKET IS FULL.	钟声响起，集市人来人往。	鐘聲響起，集市人來人往。	鐘が鳴り、市場はにぎわっている。	종이 울리고, 시장은 붐빈다.
AND IN THE CRYPT A KEEPER WAITS	而地穴里有一位守护者在等待，	而地穴裡有一位守護者在等待，	そして聖堂で番人が待っている、	그리고 납골당에서 한 수호자가 기다린다,
WHO WEARS YOUR FACE, AND SAID YES.	长着你的脸，当初答应了。	長著你的臉，當初答應了。	お前の顔で、「はい」と言った番人が。	네 얼굴을 하고, 승낙했던 자가.
THE KEEPER WHO STAYED	留下的守护者	留下的守護者	留まった番人	머문 수호자
YOUR OTHER SELF SMILES AND STEPS ASIDE.	另一个你微笑着让开了路。	另一個你微笑著讓開了路。	もう一人のお前は微笑み、道を譲る。	또 다른 네가 웃으며 비켜선다.
"GO BACK. CLOSE THE DOOR. KEEP WALKING."	“回去吧。关上门。继续走下去。”	「回去吧。關上門。繼續走下去。」	「戻れ。扉を閉めろ。歩き続けろ」	"돌아가라. 문을 닫아라. 계속 걸어라."
THE DOOR SHUTS BEHIND YOU WITH A SIGH.	门在你身后叹息般地关上。	門在你身後嘆息般地關上。	扉は背後でため息のように閉じる。	문이 한숨처럼 네 뒤에서 닫힌다.
THE DEPTHS NEVER END. NEITHER DO YOU.	深渊永无尽头。你也一样。	深淵永無盡頭。你也一樣。	深淵に終わりはない。お前にもない。	심연엔 끝이 없다. 너도 그렇다.
A COURTIER'S PLEA	朝臣的恳求	朝臣的懇求	廷臣の嘆願	신하의 청원
WE WERE TOLD TO WAIT FOR A KING.	我们被告知要等待一位国王。	我們被告知要等待一位國王。	王を待てと言われた。	우리는 왕을 기다리라는 말을 들었다.
NOBODY TOLD US HOW LONG FOREVER IS.	却没人告诉我们永远有多长。	卻沒人告訴我們永遠有多長。	永遠がどれほど長いかは誰も言わなかった。	영원이 얼마나 긴지는 아무도 말하지 않았다.
THE REGENT'S LEDGER	摄政王的账簿	攝政王的帳簿	摂政の帳簿	섭정의 장부
TAXES: NONE. HARVEST: NONE. BIRTHS: NONE.	税收：无。收成：无。出生：无。	稅收：無。收成：無。出生：無。	税：なし。収穫：なし。出生：なし。	세금: 없음. 수확: 없음. 출생: 없음.
DEATHS: NONE. THIS IS PEACE, I SUPPOSE.	死亡：无。我想这就是和平吧。	死亡：無。我想這就是和平吧。	死亡：なし。これが平和なのだろう。	사망: 없음. 이게 평화겠지.
A STONEMASON'S MARK	石匠的记号	石匠的記號	石工の刻印	석공의 표식
I CARVED THIS THRONE FOR A STRANGER.	我为一个陌生人雕刻了这张王座。	我為一個陌生人雕刻了這張王座。	この玉座はある旅人のために彫った。	나는 낯선 이를 위해 이 왕좌를 깎았다.
HE NEVER SAT IN IT. HE STOOD BY THE DOOR.	他从未坐过。他一直站在门边。	他從未坐過。他一直站在門邊。	彼は座らず、扉のそばに立っていた。	그는 앉지 않았다. 문 곁에 서 있었다.
THE DOOR'S FIRST NOTE	关于门的第一份笔记	關於門的第一份筆記	扉の最初の記録	문에 관한 첫 기록
THE STRANGER WROTE: THE HEART IS A LOCK,	陌生人写道：心脏是一把锁，	陌生人寫道：心臟是一把鎖，	旅人は記した：心臓は錠前だ、	낯선 이가 썼다: 심장은 자물쇠다,
AND I AM THE ONLY ONE WHO CAN HOLD IT.	而只有我能守住它。	而只有我能守住它。	それを押さえられるのは私だけだ。	그것을 붙들 수 있는 건 나뿐이다.
A FERRY TICKET	渡船票	渡船票	渡し舟の切符	나룻배 표
ONE PASSAGE ACROSS THE ASH. NO RETURN.	横渡灰海一次。不可返程。	橫渡灰海一次。不可返程。	灰の海を一度渡る。帰りはない。	잿빛 바다 편도. 귀환 없음.
THE PRICE IS A NAME YOU WILL NOT MISS.	代价是一个你不会想念的名字。	代價是一個你不會想念的名字。	代金は惜しくない名前ひとつ。	값은 아쉽지 않을 이름 하나.
A SAILOR'S SONG	水手之歌	水手之歌	船乗りの歌	뱃사람의 노래
ROW, ROW, THE ASH IS DEEP,	划呀划，灰烬深又深，	划呀划，灰燼深又深，	漕げや漕げ、灰は深い、	저어라 저어라, 재는 깊고,
AND WHAT IT HOLDS IT MEANS TO KEEP.	它抓住的，就不会再放。	它抓住的，就不會再放。	掴んだものは離さない。	붙잡은 건 놓지 않는다.
A DROWNED MAP	溺水的地图	溺水的地圖	水浸しの地図	물에 젖은 지도
THE SEA HAS NO FAR SHORE.	这片海没有彼岸。	這片海沒有彼岸。	この海に向こう岸はない。	이 바다엔 건너편이 없다.
THE SHORE MOVES AWAY AS YOU SAIL.	你一航行，岸就离你远去。	你一航行，岸就離你遠去。	漕ぐほど岸は遠ざかる。	노를 저을수록 해안은 멀어진다.
THE FERRYMAN'S COIN	摆渡人的硬币	擺渡人的硬幣	渡し守の硬貨	뱃사공의 동전
I CARRIED DWARVES ACROSS FOR A CENTURY.	我载矮人渡海整整一个世纪。	我載矮人渡海整整一個世紀。	百年もドワーフを渡してきた。	백 년 동안 드워프들을 건네주었다.
NONE OF THEM EVER CAME BACK FOR THEIR CHANGE.	没有一个回来拿找零。	沒有一個回來拿找零。	釣り銭を取りに戻った者はいない。	거스름돈을 받으러 온 자는 없었다.
AN ENGINEER'S LOG	工程师的日志	工程師的日誌	技師の記録	기술자의 일지
GEAR NINE HAS STOPPED AGAIN.	九号齿轮又停了。	九號齒輪又停了。	九番歯車がまた止まった。	9번 톱니가 또 멈췄다.
SOMETHING ON THE FAR SIDE IS PUSHING BACK.	另一边有什么在往回推。	另一邊有什麼在往回推。	向こう側で何かが押し返している。	반대편에서 무언가 밀어내고 있다.
A BROKEN COG	断裂的齿轮	斷裂的齒輪	壊れた歯車	부서진 톱니
STAMPED ON THE BACK, VERY SMALL:	背面印着很小的字：	背面印著很小的字：	裏にとても小さく刻まれている：	뒷면에 아주 작게 찍혀 있다:
HOLD. HOLD. HOLD. HOLD. HOLD.	撑住。撑住。撑住。撑住。撑住。	撐住。撐住。撐住。撐住。撐住。	耐えろ。耐えろ。耐えろ。耐えろ。	버텨. 버텨. 버텨. 버텨. 버텨.
THE ORACLE'S FEAR	神谕的恐惧	神諭的恐懼	神託の恐れ	신탁의 두려움
I HAVE COUNTED EVERY FUTURE.	我算过每一种未来。	我算過每一種未來。	あらゆる未来を数えた。	모든 미래를 헤아렸다.
IN ALL OF THEM, THE DOOR OPENS.	每一种未来里，门都会打开。	每一種未來裡，門都會打開。	そのすべてで、扉は開く。	그 모든 미래에서 문은 열린다.
A DWARF'S LAST WORDS	矮人的遗言	矮人的遺言	ドワーフの遺言	드워프의 유언
TELL THE KING THE ENGINES HELD.	告诉国王，机械撑住了。	告訴國王，機械撐住了。	王に伝えろ、機関は持ちこたえたと。	왕에게 전해라, 기관이 버텼다고.
DO NOT TELL HIM FOR HOW LONG.	别告诉他撑了多久。	別告訴他撐了多久。	どれだけの間かは言うな。	얼마 동안인지는 말하지 마라.
A LIGHTLESS PAGE	无光的书页	無光的書頁	光のないページ	빛 없는 쪽
THE INK HAS BEEN EATEN AWAY.	墨迹已被吞噬殆尽。	墨跡已被吞噬殆盡。	インクは喰われてしまった。	잉크가 먹혀 버렸다.
ONLY THE WORD 'RUN' IS LEFT.	只剩下一个词：“快跑”。	只剩下一個詞：「快跑」。	残るのは「逃げろ」の一語だけ。	'도망쳐'라는 말만 남았다.
THE TIDE'S WHISPER	潮汐的低语	潮汐的低語	潮の囁き	조류의 속삭임
WE DO NOT WANT YOUR WORLD.	我们不要你的世界。	我們不要你的世界。	お前の世界は要らない。	우리는 너의 세계를 원하지 않는다.
WE WANT YOUR FIRE. IT IS SO WARM.	我们要你的火。它是那么温暖。	我們要你的火。它是那麼溫暖。	お前の火が欲しい。とても温かい。	너의 불을 원한다. 정말 따뜻하구나.
A SCOUT'S REPORT	斥候的报告	斥候的報告	斥候の報告	척후병의 보고
THE DARK MOVES LIKE WATER, BUT UPHILL.	黑暗像水一样流动，但往高处流。	黑暗像水一樣流動，但往高處流。	闇は水のように動く。ただし上へ。	어둠은 물처럼 움직인다, 위로.
IT FOLLOWS ANYONE WHO CARRIES A FLAME.	它追随所有手持火焰的人。	它追隨所有手持火焰的人。	炎を持つ者を追ってくる。	불을 든 자라면 누구든 따라온다.
A CANDLE STUB	蜡烛头	蠟燭頭	ろうそくの燃えさし	몽당초
WRAPPED IN A NOTE: KEEP IT LIT.	用一张字条包着：让它亮着。	用一張字條包著：讓它亮著。	書き付けに包まれている：灯し続けよ。	쪽지에 싸여 있다: 계속 밝혀 두어라.
THE TIDE CANNOT CROSS EVEN A SMALL LIGHT.	哪怕是微光，潮水也无法越过。	哪怕是微光，潮水也無法越過。	小さな光でも潮は越えられない。	작은 빛조차 조류는 넘지 못한다.
THE HERALD'S OATH	使者的誓言	使者的誓言	使者の誓い	전령의 맹세
I WALKED AHEAD OF THE TIDE FOR AGES.	我在潮水前方走了无数岁月。	我在潮水前方走了無數歲月。	永い間、潮の先を歩いてきた。	오랜 세월 조류 앞을 걸었다.
I ONLY WANTED TO SEE THE DOOR OPEN.	我只想看见那扇门打开。	我只想看見那扇門打開。	ただ扉が開くのを見たかった。	문이 열리는 걸 보고 싶었을 뿐이다.
A POSTCARD	明信片	明信片	絵葉書	엽서
GREETINGS FROM CINDERMERE! THE SUN IS OUT.	来自辛德米尔的问候！今天出太阳了。	來自辛德米爾的問候！今天出太陽了。	シンダーミアより！今日は晴れ。	신더미어에서 안부를! 해가 났어요.
THERE IS NO ASH HERE. WISH YOU WERE HERE.	这里没有灰烬。真希望你也在。	這裡沒有灰燼。真希望你也在。	ここには灰がない。君もいればいいのに。	여긴 재가 없어요. 당신도 있었으면.
THE OTHER BELL RINGER	另一个敲钟人	另一個敲鐘人	もう一人の鐘つき	또 다른 종지기
IN THIS WORLD ALDRIC RINGS THE BELLS	在这个世界里，奥德里克敲钟	在這個世界裡，奧德里克敲鐘	この世界でアルドリクが鐘を鳴らすのは	이 세계에서 알드릭이 종을 치는 건
FOR WEDDINGS, AND NOTHING ELSE.	只为婚礼，别无其他。	只為婚禮，別無其他。	婚礼のときだけだ。	결혼식 때뿐이다.
A MIRRORED JOURNAL	镜像日志	鏡像日誌	鏡写しの日誌	거울에 비친 일지
THE HANDWRITING IS YOURS.	笔迹是你的。	筆跡是你的。	筆跡はお前のものだ。	필체가 네 것이다.
THE LAST LINE SAYS: I SAID YES.	最后一行写着：我答应了。	最後一行寫著：我答應了。	最後の行：私は「はい」と言った。	마지막 줄: 나는 승낙했다.
THE STRANGER'S NAME	陌生人的名字	陌生人的名字	旅人の名	낯선 이의 이름
THE STRANGER WHO CHOSE TO STAY	那个选择留下的陌生人	那個選擇留下的陌生人	留まることを選んだ旅人には	머물기로 한 그 낯선 이는
HAD NO NAME. THE DOOR HAD TAKEN IT.	没有名字。门已经把它拿走了。	沒有名字。門已經把它拿走了。	名がなかった。扉が奪ったのだ。	이름이 없었다. 문이 가져갔다.
A CHILD'S QUESTION	孩子的问题	孩子的問題	子供の問い	아이의 질문
WHY DOES THE HERO NEVER COME HOME?	为什么英雄从不回家？	為什麼英雄從不回家？	英雄はなぜ帰ってこないの？	영웅은 왜 집에 오지 않나요?
BECAUSE SOMEONE HAS TO KEEP WALKING.	因为总得有人一直走下去。	因為總得有人一直走下去。	誰かが歩き続けなければならないから。	누군가는 계속 걸어야 하니까.
THE LAST KEEPER'S NOTE	最后一位守护者的字条	最後一位守護者的字條	最後の番人の書き付け	마지막 수호자의 쪽지
IF YOU MADE IT HERE, YOU DID NOT SAY YES.	如果你走到了这里，说明你没有答应。	如果你走到了這裡，說明你沒有答應。	ここまで来たなら、お前は断ったのだ。	여기까지 왔다면, 너는 승낙하지 않았다.
GOOD. THE DEPTHS NEED A WALKER.	很好。深渊需要一个行者。	很好。深淵需要一個行者。	よし。深淵には歩く者が要る。	좋다. 심연엔 걷는 자가 필요하다.
A BLANK PAGE	空白的书页	空白的書頁	白紙のページ	빈 쪽
IT IS EMPTY.	上面什么也没有。	上面什麼也沒有。	何も書かれていない。	비어 있다.
THE REST OF THE STORY IS YOURS.	剩下的故事属于你。	剩下的故事屬於你。	物語の続きはお前のものだ。	나머지 이야기는 너의 것이다.
