// Skills: Sorcerer ultimate, Rogue, Necromancer, Druid. Columns: english, zh-Hans, zh-Hant, ja, ko
ELEMENTAL TEMPEST	元素风暴	元素風暴	エレメンタルテンペスト	원소 폭풍
ULTIMATE: A HUGE STORM AROUND YOU	终极：你周围掀起巨大风暴	終極：你周圍掀起巨大風暴	究極：周囲に巨大な嵐	궁극기: 주변에 거대한 폭풍
ENHANCED TEMPEST	强化风暴	強化風暴	強化テンペスト	강화된 폭풍
INFERNO	炼狱	煉獄	インフェルノ	지옥불
BECOMES FIRE THAT BURNS	变为燃烧的火焰	變為燃燒的火焰	燃える炎に変わる	불태우는 화염이 됨
BLIZZARD	暴风雪	暴風雪	ブリザード	눈보라
BECOMES COLD THAT CHILLS	变为冰冷的冰霜	變為冰冷的冰霜	冷やす冷気に変わる	냉기를 주는 냉기가 됨
PUNCTURE	穿刺	穿刺	パンクチャー	관통
THROW 3 BLADES. +8 ENERGY	投掷3把飞刀。+8能量	投擲3把飛刀。+8能量	刃を3本投げる。エネルギー+8	칼날 3개 투척. 기력 +8
ENHANCED PUNCTURE	强化穿刺	強化穿刺	強化パンクチャー	강화된 관통
PRIMARY PUNCTURE	基础穿刺	基礎穿刺	基本パンクチャー	기본 관통
+50% ENERGY GENERATED	能量获取+50%	能量獲取+50%	エネルギー獲得+50%	기력 획득 +50%
FUNDAMENTAL PUNCTURE	根本穿刺	根本穿刺	根源パンクチャー	근본 관통
+2 BLADES	+2把飞刀	+2把飛刀	刃+2	칼날 +2
HEARTSEEKER	穿心箭	穿心箭	ハートシーカー	심장 추적자
AIMED ARROW. +6 ENERGY	瞄准一箭。+6能量	瞄準一箭。+6能量	狙い澄ました矢。エネルギー+6	조준 사격. 기력 +6
ENHANCED HEARTSEEKER	强化穿心箭	強化穿心箭	強化ハートシーカー	강화된 심장 추적자
ACCELERATING SEEKER	加速穿心箭	加速穿心箭	加速シーカー	가속 추적자
GRANTS +20% ATTACK SPEED	获得20%攻速	獲得20%攻速	攻撃速度+20%を得る	공격 속도 +20%
BLADED SEEKER	利刃穿心箭	利刃穿心箭	刃のシーカー	칼날 추적자
PENETRATING SHOT	穿透射击	穿透射擊	貫通射撃	관통 사격
ARROW THAT PIERCES ALL. 35 ENERGY	贯穿一切的箭。35能量	貫穿一切的箭。35能量	全てを貫く矢。エネルギー35	모두 관통하는 화살. 기력 35
ENHANCED SHOT	强化射击	強化射擊	強化射撃	강화된 사격
+20% DMG, MAKES VULNERABLE	伤害+20%，造成易伤	傷害+20%，造成易傷	ダメージ+20%、脆弱化	피해 +20%, 취약
ADVANCED SHOT	进阶射击	進階射擊	上級射撃	고급 사격
IMPROVED SHOT	改良射击	改良射擊	改良射撃	개선된 사격
RAPID FIRE	急速射击	急速射擊	速射	속사
5 ARROWS AT ONE TARGET. 25 ENERGY	对一个目标射5箭。25能量	對一個目標射5箭。25能量	1体に5本の矢。エネルギー25	한 대상에 화살 5발. 기력 25
ENHANCED RAPID FIRE	强化急速射击	強化急速射擊	強化速射	강화된 속사
+2 ARROWS	+2支箭	+2支箭	矢+2	화살 +2
PRIMARY RAPID FIRE	基础急速射击	基礎急速射擊	基本速射	기본 속사
ADVANCED RAPID FIRE	进阶急速射击	進階急速射擊	上級速射	고급 속사
BARRAGE	弹幕	彈幕	バラージ	탄막
A WIDE VOLLEY OF ARROWS. 30 ENERGY	大范围齐射箭雨。30能量	大範圍齊射箭雨。30能量	広範囲の一斉射撃。エネルギー30	넓은 일제 사격. 기력 30
ENHANCED BARRAGE	强化弹幕	強化彈幕	強化バラージ	강화된 탄막
IMPROVED BARRAGE	改良弹幕	改良彈幕	改良バラージ	개선된 탄막
ARROWS PIERCE	箭矢穿透	箭矢穿透	矢が貫通	화살 관통
ADVANCED BARRAGE	进阶弹幕	進階彈幕	上級バラージ	고급 탄막
SPIKE TRAP	尖刺陷阱	尖刺陷阱	スパイクトラップ	가시 덫
TRAP THAT SHREDS AND SLOWS	撕裂并减速的陷阱	撕裂並減速的陷阱	切り裂き鈍化させる罠	찢고 둔화시키는 덫
ENHANCED TRAP	强化陷阱	強化陷阱	強化トラップ	강화된 덫
FIRE TRAP	火焰陷阱	火焰陷阱	炎の罠	화염 덫
BURNS INSTEAD	改为燃烧	改為燃燒	代わりに燃焼	대신 불태움
VENOM TRAP	毒液陷阱	毒液陷阱	毒の罠	독 덫
POISONS INSTEAD	改为中毒	改為中毒	代わりに毒	대신 중독
SHADOW DASH	暗影突进	暗影突進	シャドウダッシュ	그림자 질주
DASH THROUGH A PACK, CUTTING	冲过敌群并斩击	衝過敵群並斬擊	群れを駆け抜け斬る	무리를 가르며 질주
ENHANCED DASH	强化突进	強化突進	強化ダッシュ	강화된 질주
DISCIPLINED DASH	精准突进	精準突進	鍛錬ダッシュ	단련된 질주
-30% COOLDOWN	冷却-30%	冷卻-30%	クールダウン-30%	재사용 대기시간 -30%
ADVANCED DASH	进阶突进	進階突進	上級ダッシュ	고급 질주
+40% DMG, MAKES VULNERABLE	伤害+40%，造成易伤	傷害+40%，造成易傷	ダメージ+40%、脆弱化	피해 +40%, 취약
POISON IMBUEMENT	毒素灌注	毒素灌注	毒の付与	독 주입
HITS POISON AND DEAL [x]40% FOR 5S	5秒内命中中毒且[x]40%伤害	5秒內命中中毒且[x]40%傷害	5秒間、命中で毒とダメージ[x]40%	5초간 적중 시 중독, 피해 [x]40%
ENHANCED IMBUEMENT	强化灌注	強化灌注	強化付与	강화된 주입
BLENDED IMBUEMENT	融合灌注	融合灌注	混成付与	혼합 주입
MIXED IMBUEMENT	混合灌注	混合灌注	複合付与	복합 주입
COLD IMBUEMENT	冰霜灌注	冰霜灌注	冷気の付与	냉기 주입
HITS CHILL AND DEAL [x]40% FOR 5S	5秒内命中冰冷且[x]40%伤害	5秒內命中冰冷且[x]40%傷害	5秒間、命中で冷気とダメージ[x]40%	5초간 적중 시 냉기, 피해 [x]40%
HITS FREEZE	命中冻结	命中凍結	命中で凍結	적중 시 빙결
RAIN OF ARROWS	箭雨	箭雨	アローレイン	화살비
ULTIMATE: ARROWS FALL ON A WIDE AREA	终极：箭矢落满大片区域	終極：箭矢落滿大片區域	究極：広範囲に矢が降る	궁극기: 넓은 지역에 화살이 쏟아짐
ENHANCED RAIN	强化箭雨	強化箭雨	強化アローレイン	강화된 화살비
FIRE ARROWS	火焰箭	火焰箭	炎の矢	화염 화살
HAIL OF ARROWS	箭之冰雹	箭之冰雹	矢の雹	화살 우박
+30% DMG, MAKES VULNERABLE	伤害+30%，造成易伤	傷害+30%，造成易傷	ダメージ+30%、脆弱化	피해 +30%, 취약
REAP	收割	收割	刈り取り	수확
SCYTHE SWEEP OF SHADOW. +10 ESSENCE	暗影镰刀横扫。+10精魂	暗影鐮刀橫掃。+10精魂	影の大鎌で薙ぐ。エッセンス+10	그림자 낫 휘두르기. 정수 +10
ENHANCED REAP	强化收割	強化收割	強化刈り取り	강화된 수확
GRANTS A SMALL BARRIER	获得小型屏障	獲得小型屏障	小さなバリアを得る	작은 보호막 부여
ACOLYTE'S REAP	侍僧收割	侍僧收割	侍祭の刈り取り	수행자의 수확
INITIATE'S REAP	新手收割	新手收割	入門者の刈り取り	입문자의 수확
BONE SPLINTERS	骨片	骨片	骨片	뼈 파편
3 BONE SHARDS. +8 ESSENCE	3枚骨片。+8精魂	3枚骨片。+8精魂	骨片を3つ。エッセンス+8	뼈 파편 3개. 정수 +8
ENHANCED SPLINTERS	强化骨片	強化骨片	強化骨片	강화된 뼈 파편
+1 SHARD	+1枚骨片	+1枚骨片	骨片+1	파편 +1
ACOLYTE'S SPLINTERS	侍僧骨片	侍僧骨片	侍祭の骨片	수행자의 뼈 파편
+50% ESSENCE GENERATED	精魂获取+50%	精魂獲取+50%	エッセンス獲得+50%	정수 획득 +50%
INITIATE'S SPLINTERS	新手骨片	新手骨片	入門者の骨片	입문자의 뼈 파편
BONE SPEAR	白骨之矛	白骨之矛	ボーンスピア	뼈창
A PIERCING LANCE OF BONE. 25 ESSENCE	贯穿的骨矛。25精魂	貫穿的骨矛。25精魂	貫く骨の槍。エッセンス25	관통하는 뼈 창. 정수 25
ENHANCED SPEAR	强化骨矛	強化骨矛	強化スピア	강화된 뼈창
+10% CRIT CHANCE	+10%暴击率	+10%暴擊率	会心率+10%	극대화 확률 +10%
SUPREME SPEAR	至高骨矛	至高骨矛	至高のスピア	지고의 뼈창
SHATTERS AT THE END	末端碎裂	末端碎裂	最後に砕け散る	끝에서 산산조각
PAINFUL SPEAR	痛苦骨矛	痛苦骨矛	苦痛のスピア	고통의 뼈창
BLIGHT	枯萎	枯萎	ブライト	역병
A POOL OF SHADOW THAT ROTS. 25 ESSENCE	腐蚀的暗影之池。25精魂	腐蝕的暗影之池。25精魂	腐らせる影の沼。エッセンス25	썩게 하는 그림자 웅덩이. 정수 25
ENHANCED BLIGHT	强化枯萎	強化枯萎	強化ブライト	강화된 역병
SUPERNATURAL BLIGHT	超自然枯萎	超自然枯萎	超常ブライト	초자연 역병
PARANORMAL BLIGHT	灵异枯萎	靈異枯萎	怪異ブライト	초현상 역병
SLOWS (CHILL)	减速（冰冷）	減速（冰冷）	鈍化（冷気）	둔화 (냉기)
BLOOD SURGE	鲜血涌动	鮮血湧動	ブラッドサージ	피의 쇄도
DRAIN BLOOD IN A NOVA. 30 ESSENCE	新星般吸取鲜血。30精魂	新星般吸取鮮血。30精魂	血を波動で吸う。エッセンス30	파동으로 피를 흡수. 정수 30
ENHANCED SURGE	强化涌动	強化湧動	強化サージ	강화된 쇄도
PARANORMAL SURGE	灵异涌动	靈異湧動	怪異サージ	초현상 쇄도
SUPERNATURAL SURGE	超自然涌动	超自然湧動	超常サージ	초자연 쇄도
BONE PRISON	白骨牢笼	白骨牢籠	ボーンプリズン	뼈 감옥
A RING OF BONE THAT TRAPS FOES	困住敌人的骨环	困住敵人的骨環	敵を閉じ込める骨の輪	적을 가두는 뼈의 고리
ENHANCED PRISON	强化牢笼	強化牢籠	強化プリズン	강화된 감옥
GHASTLY PRISON	阴森牢笼	陰森牢籠	陰惨なプリズン	섬뜩한 감옥
+1 SECOND	+1秒	+1秒	+1秒	+1초
DREADFUL PRISON	恐怖牢笼	恐怖牢籠	恐るべきプリズン	끔찍한 감옥
STUNS INSTEAD	改为击晕	改為擊暈	代わりにスタン	대신 기절
BLOOD MIST	血雾	血霧	ブラッドミスト	피안개
UNSTOPPABLE, 30% LESS DAMAGE FOR 3S	势不可挡，3秒内受伤-30%	勢不可擋，3秒內受傷-30%	阻止不可、3秒間被ダメージ-30%	저지 불가, 3초간 받는 피해 -30%
ENHANCED MIST	强化血雾	強化血霧	強化ミスト	강화된 피안개
GHASTLY MIST	阴森血雾	陰森血霧	陰惨なミスト	섬뜩한 피안개
DREADFUL MIST	恐怖血雾	恐怖血霧	恐るべきミスト	끔찍한 피안개
-25% COOLDOWN	冷却-25%	冷卻-25%	クールダウン-25%	재사용 대기시간 -25%
RAISE DEAD	亡者复苏	亡者復甦	死者召喚	시체 되살리기
4 SKELETON WARRIORS FIGHT FOR YOU	4名骷髅战士为你而战	4名骷髏戰士為你而戰	スケルトン戦士4体が戦う	해골 전사 4명이 싸운다
ENHANCED DEAD	强化亡者	強化亡者	強化死者	강화된 망자
+1 SKELETON	+1名骷髅	+1名骷髏	スケルトン+1	해골 +1
SKELETAL MAGES	骷髅法师	骷髏法師	スケルトンメイジ	해골 마법사
RANGED SHADOW CASTERS	远程暗影施法者	遠程暗影施法者	遠距離の影の術者	원거리 그림자 시전자
REAPERS	收割者	收割者	死神	수확자
+50% MINION DAMAGE	仆从伤害+50%	僕從傷害+50%	ミニオンダメージ+50%	하수인 피해 +50%
CORPSE EXPLOSION	尸体爆炸	屍體爆炸	死体爆発	시체 폭발
A CORPSE BURSTS AMONG FOES	尸体在敌群中爆裂	屍體在敵群中爆裂	敵の中で死体が破裂	적 사이에서 시체가 터진다
ENHANCED EXPLOSION	强化爆炸	強化爆炸	強化爆発	강화된 폭발
BLIGHTED EXPLOSION	枯萎爆炸	枯萎爆炸	ブライト爆発	역병 폭발
SHADOW THAT ROTS	腐蚀的暗影	腐蝕的暗影	腐らせる影	썩게 하는 그림자
PLAGUED EXPLOSION	瘟疫爆炸	瘟疫爆炸	疫病爆発	전염병 폭발
LEGION OF BONE	白骨军团	白骨軍團	骨の軍団	뼈의 군단
ULTIMATE: BONE ERUPTS ALL AROUND YOU	终极：白骨在你周围喷发	終極：白骨在你周圍噴發	究極：周囲に骨が噴き出す	궁극기: 주변에서 뼈가 솟구침
ENHANCED LEGION	强化军团	強化軍團	強化軍団	강화된 군단
PRIME LEGION	精英军团	精英軍團	精鋭の軍団	정예 군단
SUPREME LEGION	至高军团	至高軍團	至高の軍団	지고의 군단
STORM STRIKE	风暴打击	風暴打擊	ストームストライク	폭풍 강타
LIGHTNING FIST THAT ARCS. +10 SPIRIT	跳跃的闪电之拳。+10灵力	跳躍的閃電之拳。+10靈力	跳ねる雷の拳。スピリット+10	튀는 번개 주먹. 영기 +10
ENHANCED STRIKE	强化打击	強化打擊	強化ストライク	강화된 강타
FIERCE STRIKE	凶猛打击	兇猛打擊	獰猛なストライク	사나운 강타
WILD STRIKE	狂野打击	狂野打擊	野生のストライク	야생 강타
MAUL	熊掌重击	熊掌重擊	モール	후려치기
WEREBEAR SWIPE. +12 SPIRIT	狼熊挥击。+12灵力	狼熊揮擊。+12靈力	熊人の薙ぎ払い。スピリット+12	곰인간 휘두르기. 영기 +12
ENHANCED MAUL	强化重击	強化重擊	強化モール	강화된 후려치기
FIERCE MAUL	凶猛重击	兇猛重擊	獰猛なモール	사나운 후려치기
WILD MAUL	狂野重击	狂野重擊	野生のモール	야생 후려치기
+40% RADIUS	范围+40%	範圍+40%	範囲+40%	범위 +40%
TORNADO	龙卷风	龍捲風	トルネード	회오리바람
A WANDERING TWISTER. 40 SPIRIT	游走的旋风。40灵力	遊走的旋風。40靈力	さまよう竜巻。スピリット40	떠도는 회오리. 영기 40
ENHANCED TORNADO	强化龙卷风	強化龍捲風	強化トルネード	강화된 회오리바람
+1 TORNADO	+1道龙卷风	+1道龍捲風	竜巻+1	회오리 +1
RAGING TORNADO	狂暴龙卷风	狂暴龍捲風	荒れ狂う竜巻	성난 회오리바람
PRIMAL TORNADO	原始龙卷风	原始龍捲風	原初の竜巻	원시 회오리바람
LANDSLIDE	山崩	山崩	地すべり	산사태
PILLARS OF EARTH CRUSH FOES. 30 SPIRIT	土柱碾碎敌人。30灵力	土柱碾碎敵人。30靈力	土の柱で押し潰す。スピリット30	흙기둥이 적을 짓뭉갠다. 영기 30
ENHANCED LANDSLIDE	强化山崩	強化山崩	強化地すべり	강화된 산사태
RAGING LANDSLIDE	狂暴山崩	狂暴山崩	荒れ狂う地すべり	성난 산사태
+1 PILLAR	+1根土柱	+1根土柱	柱+1	기둥 +1
PRIMAL LANDSLIDE	原始山崩	原始山崩	原初の地すべり	원시 산사태
SHRED	撕碎	撕碎	シュレッド	갈가리 찢기
WEREWOLF COMBO THAT BLEEDS. 25 SPIRIT	造成流血的狼人连击。25灵力	造成流血的狼人連擊。25靈力	出血させる人狼の連撃。スピリット25	출혈을 일으키는 늑대인간 연타. 영기 25
ENHANCED SHRED	强化撕碎	強化撕碎	強化シュレッド	강화된 갈가리 찢기
RAGING SHRED	狂暴撕碎	狂暴撕碎	荒れ狂うシュレッド	성난 갈가리 찢기
PRIMAL SHRED	原始撕碎	原始撕碎	原初のシュレッド	원시 갈가리 찢기
POISON THAT LINGERS	残留的毒素	殘留的毒素	残る毒	남아 있는 독
EARTHEN BULWARK	大地壁垒	大地壁壘	大地の防壁	대지의 보루
ENHANCED BULWARK	强化壁垒	強化壁壘	強化防壁	강화된 보루
PRESERVING BULWARK	守护壁垒	守護壁壘	保護の防壁	보존의 보루
+30% BARRIER	屏障+30%	屏障+30%	バリア+30%	보호막 +30%
INNATE BULWARK	天生壁垒	天生壁壘	天性の防壁	타고난 보루
CYCLONE ARMOR	旋风护甲	旋風護甲	サイクロンアーマー	회오리 갑옷
WIND BURST THAT STUNS, GRANTS BARRIER	击晕的狂风爆发，获得屏障	擊暈的狂風爆發，獲得屏障	スタンさせる突風、バリアを得る	기절시키는 돌풍, 보호막 부여
ENHANCED CYCLONE	强化旋风	強化旋風	強化サイクロン	강화된 회오리
PRESERVING CYCLONE	守护旋风	守護旋風	保護のサイクロン	보존의 회오리
INNATE CYCLONE	天生旋风	天生旋風	天性のサイクロン	타고난 회오리
+60% DAMAGE	伤害+60%	傷害+60%	ダメージ+60%	피해 +60%
WOLF PACK	狼群	狼群	ウルフパック	늑대 무리
2 SPIRIT WOLVES HUNT WITH YOU	2只灵狼与你一同狩猎	2隻靈狼與你一同狩獵	霊狼2匹が共に狩る	영혼 늑대 2마리가 함께 사냥
ENHANCED PACK	强化狼群	強化狼群	強化パック	강화된 무리
+1 WOLF	+1只狼	+1隻狼	狼+1	늑대 +1
FERAL PACK	野性狼群	野性狼群	野生の群れ	야성의 무리
+50% WOLF DAMAGE	狼伤害+50%	狼傷害+50%	狼のダメージ+50%	늑대 피해 +50%
STORM WOLVES	风暴之狼	風暴之狼	嵐の狼	폭풍 늑대
LIGHTNING BITES	闪电撕咬	閃電撕咬	雷の噛みつき	번개 물어뜯기
BOULDER	巨石	巨石	ボルダー	바위
ROLL A CRUSHING BOULDER	滚动碾压的巨石	滾動碾壓的巨石	押し潰す岩を転がす	짓뭉개는 바위를 굴린다
ENHANCED BOULDER	强化巨石	強化巨石	強化ボルダー	강화된 바위
+1 BOULDER	+1块巨石	+1塊巨石	岩+1	바위 +1
RAGING BOULDER	狂暴巨石	狂暴巨石	荒れ狂う岩	성난 바위
PRIMAL BOULDER	原始巨石	原始巨石	原初の岩	원시 바위
TEMPEST FURY	风暴之怒	風暴之怒	嵐の憤怒	폭풍의 격노
ULTIMATE: A STORM FOLLOWS YOU	终极：风暴随你而行	終極：風暴隨你而行	究極：嵐が追従する	궁극기: 폭풍이 따라다님
PRIME TEMPEST	精英风暴	精英風暴	精鋭の嵐	정예 폭풍
SUPREME TEMPEST	至高风暴	至高風暴	至高の嵐	지고의 폭풍
THRUST	刺击	刺擊	突き	찌르기
GLAIVE THRUST. +10 VIGOR	长刃刺击。+10活力	長刃刺擊。+10活力	グレイブの突き。活力+10	글레이브 찌르기. 활력 +10
ENHANCED THRUST	强化刺击	強化刺擊	強化突き	강화된 찌르기
