// Story: act titles, chapter text, boss names. Each row is one screen line.
ACT I - THE CRYPT	第一幕 - 地穴	第一幕 - 地穴	第一幕 - 地下聖堂	제1막 - 지하 납골당
FOR A YEAR ASH HAS FALLEN ON CINDERMERE,	一年来，灰烬不断落在辛德米尔，	一年來，灰燼不斷落在辛德米爾，	一年もの間、シンダーミアに灰が降る。	일 년 동안 신더미어에 재가 내렸다.
SOFT AND GREY, AND IT NEVER MELTS.	柔软而灰暗，从不融化。	柔軟而灰暗，從不融化。	柔らかく灰色で、決して溶けない。	부드럽고 잿빛이며, 녹지 않는다.
NOW THE DEAD OF THE ROYAL CRYPT WALK AGAIN.	如今王室地穴的死者再度行走。	如今王室地穴的死者再度行走。	今、王家の墓所の死者が再び歩く。	이제 왕실 납골당의 망자가 다시 걷는다.
OLD BROTHER ALDRIC, LAST KEEPER OF THE SEAL,	老修士奥德里克，封印最后的守护者，	老修士奧德里克，封印最後的守護者，	封印の最後の番人、老修道士アルドリクが	봉인의 마지막 수호자, 늙은 알드릭 수사가
PRESSES A TORCH INTO YOUR HAND:	将一支火把塞进你手中：	將一支火把塞進你手中：	松明をあなたの手に握らせる：	당신의 손에 횃불을 쥐여 준다:
"GO BELOW. FIND WHAT WAKES THEM."	“下去吧。找出唤醒他们的东西。”	「下去吧。找出喚醒他們的東西。」	「下へ行け。彼らを起こすものを探せ」	"내려가라. 그들을 깨우는 것을 찾아라."
MORDRAIN THE BONE WARDEN	骸骨典狱官莫德雷恩	骸骨典獄官莫德雷恩	骨の番人モードレイン	뼈 간수 모드레인
THE BONE WARDEN CRUMBLES INTO ASH.	骸骨典狱官化为灰烬。	骸骨典獄官化為灰燼。	骨の番人は灰と化した。	뼈 간수가 재로 무너진다.
IN ITS RIBS: A CRACKED IRON KEY	它的肋骨间有一把破裂的铁钥匙，	它的肋骨間有一把破裂的鐵鑰匙，	その肋骨に、ひび割れた鉄の鍵。	그 갈비뼈 속에 금 간 철 열쇠가 있다.
STAMPED WITH THE ASHEN KING'S SIGIL.	刻着灰烬之王的纹章。	刻著灰燼之王的紋章。	灰の王の紋章が刻まれている。	잿빛 왕의 문장이 새겨져 있다.
THE STAIRS GO DOWN. THE AIR SMELLS OF EARTH.	阶梯向下延伸，空气中满是泥土味。	階梯向下延伸，空氣中滿是泥土味。	階段は下へ。土の匂いがする。	계단이 아래로 이어진다. 흙냄새가 난다.
ACT II - THE CATACOMBS	第二幕 - 地下墓穴	第二幕 - 地下墓穴	第二幕 - 地下墓所	제2막 - 지하 묘지
BENEATH THE CRYPT LIE THE CATACOMBS	地穴之下是地下墓穴，	地穴之下是地下墓穴，	地下聖堂の下には地下墓所がある。	납골당 아래에는 지하 묘지가 있다.
OF THE FIRST SETTLERS OF CINDERMERE.	埋葬着辛德米尔最早的定居者。	埋葬著辛德米爾最早的定居者。	シンダーミア最初の入植者たちの墓だ。	신더미어 최초 정착민들의 묘지다.
THE BONES HERE HAVE BEEN MOVED. STACKED.	这里的骸骨被搬动过，堆叠起来。	這裡的骸骨被搬動過，堆疊起來。	ここの骨は動かされ、積まれている。	이곳의 뼈는 옮겨져 쌓여 있다.
SOMETHING IS GATHERING THE DEAD	有什么东西正在聚集死者，	有什麼東西正在聚集死者，	何かが死者を集めている。	무언가 망자를 모으고 있다.
INTO AN ARMY - AND FEEDING ON THE REST.	组成军队——并吞食其余的。	組成軍隊——並吞食其餘的。	軍勢にし、残りを喰らっている。	군대로 만들고, 나머지는 먹어 치운다.
THE GLUTTON QUEEN	暴食女王	暴食女王	暴食の女王	탐식의 여왕
THE QUEEN'S NEST FALLS SILENT.	女王的巢穴归于寂静。	女王的巢穴歸於寂靜。	女王の巣は静まり返った。	여왕의 둥지가 고요해진다.
HER BROOD WAS NEVER THE ARMY. IT WAS A MEAL	她的子嗣从来不是军队，而是食物，	她的子嗣從來不是軍隊，而是食物，	その子らは軍勢ではなく餌だった。	그 새끼들은 군대가 아니라 먹이였다.
FOR SOMETHING THAT BURNS FAR BELOW.	献给在深处燃烧的某物。	獻給在深處燃燒的某物。	遥か下で燃える何かのための。	저 아래에서 타오르는 무언가를 위한.
THE WALLS GROW WARM TO THE TOUCH.	墙壁摸上去渐渐发烫。	牆壁摸上去漸漸發燙。	壁に触れると温かい。	벽이 손에 닿을 만큼 따뜻해진다.
ACT III - THE HELLFORGE	第三幕 - 地狱熔炉	第三幕 - 地獄熔爐	第三幕 - 獄炎の鍛冶場	제3막 - 지옥 대장간
THE ANCIENT FORGES OF THE DWARF-KINGS	矮人诸王的古老熔炉	矮人諸王的古老熔爐	ドワーフ王たちの古き炉が	드워프 왕들의 고대 용광로가
BURN AGAIN AFTER A THOUSAND YEARS.	在千年之后再次燃起。	在千年之後再次燃起。	千年の時を経て再び燃える。	천 년 만에 다시 타오른다.
ROBED CULTISTS FEED THEM STOLEN SOULS,	长袍邪教徒以窃来的灵魂为燃料，	長袍邪教徒以竊來的靈魂為燃料，	教団員は盗んだ魂をくべ、	로브 입은 광신도들이 훔친 영혼을 넣으며,
HAMMERING NOT CHAINS, BUT A KEY:	锻打的不是锁链，而是一把钥匙：	鍛打的不是鎖鏈，而是一把鑰匙：	鎖ではなく鍵を打つ：	사슬이 아닌 열쇠를 두드린다:
A KEY TO OPEN THE ASHEN KING'S SEAL.	一把开启灰烬之王封印的钥匙。	一把開啟灰燼之王封印的鑰匙。	灰の王の封印を開く鍵を。	잿빛 왕의 봉인을 여는 열쇠를.
FORGEMASTER KARRUK	熔炉大师卡鲁克	熔爐大師卡魯克	鍛冶長カルック	대장장이 장인 카룩
KARRUK'S HAMMER FALLS FOR THE LAST TIME.	卡鲁克的锤子最后一次落下。	卡魯克的錘子最後一次落下。	カルックの鎚が最後に振り下ろされた。	카룩의 망치가 마지막으로 내려친다.
THE UNFINISHED KEY COOLS ON THE ANVIL.	未完成的钥匙在铁砧上冷却。	未完成的鑰匙在鐵砧上冷卻。	未完成の鍵が金床で冷えていく。	미완성 열쇠가 모루 위에서 식는다.
BUT ONE PIECE IS MISSING - TAKEN BELOW,	但少了一块——被带往深处，	但少了一塊——被帶往深處，	だが一片が欠けている。下へ運ばれた、	하지만 한 조각이 없다. 아래로 옮겨졌다,
TO THE KING'S OWN TOMB.	带进了国王自己的陵墓。	帶進了國王自己的陵墓。	王自身の墓へ。	왕의 무덤으로.
ACT IV - THE FROZEN HALLS	第四幕 - 冰封大厅	第四幕 - 冰封大廳	第四幕 - 凍てつく広間	제4막 - 얼어붙은 전당
BELOW THE FIRE LIES ICE: THE TOMB-PALACE	烈焰之下是寒冰：灰烬之王的	烈焰之下是寒冰：灰燼之王的	炎の下に氷がある。灰の王の	불 아래에는 얼음이 있다. 잿빛 왕의
OF THE ASHEN KING, FROZEN BY HIS LAST SPELL	陵墓宫殿，被他最后的法术冻结，	陵墓宮殿，被他最後的法術凍結，	墓所宮殿は最後の呪文で凍った。	무덤 궁전은 그의 마지막 주문으로 얼었다.
THE NIGHT HE SEALED THE CINDER HEART.	就在他封印余烬之心的那一夜。	就在他封印餘燼之心的那一夜。	彼が燃え殻の心臓を封じた夜に。	그가 잿불 심장을 봉인한 밤에.
HIS WIDOW STILL RULES THESE HALLS,	他的遗孀仍统治着这些大厅，	他的遺孀仍統治著這些大廳，	その未亡人が今も広間を治め、	그의 미망인이 아직 이 전당을 다스리며,
AND SHE HAS BEEN WAITING FOR THE KEY.	她一直在等待那把钥匙。	她一直在等待那把鑰匙。	ずっと鍵を待っていた。	열쇠를 기다려 왔다.
VESSA THE WINTER WIDOW	寒冬遗孀维萨	寒冬遺孀維薩	冬の未亡人ヴェッサ	겨울 미망인 베사
VESSA SHATTERS LIKE A WINDOW IN WINTER.	维萨如冬日的窗玻璃般碎裂。	維薩如冬日的窗玻璃般碎裂。	ヴェッサは冬の窓のように砕けた。	베사가 겨울 창문처럼 산산조각 난다.
"FOOL," SHE WHISPERS AS SHE FADES,	“蠢货，”她在消散时低语，	「蠢貨，」她在消散時低語，	「愚か者」消えゆく彼女が囁く、	"바보," 사라지며 그녀가 속삭인다,
"THE KING IS NOT IN HIS TOMB.	“国王不在他的陵墓里。	「國王不在他的陵墓裡。	「王は墓にはいない。	"왕은 무덤에 없다.
HE BECAME THE SEAL. AND THE SEAL IS FAILING."	他化作了封印。而封印正在崩溃。”	他化作了封印。而封印正在崩潰。」	王が封印となり、それが崩れつつある」	그가 봉인이 되었고, 봉인이 무너진다."
ACT V - THE VOID	第五幕 - 虚空	第五幕 - 虛空	第五幕 - 虚空	제5막 - 공허
PAST THE KING'S TOMB THE STONE SIMPLY ENDS.	越过国王的陵墓，岩石就此终结。	越過國王的陵墓，岩石就此終結。	王の墓の先で、岩はただ途切れる。	왕의 무덤을 지나면 돌이 그냥 끝난다.
HERE THE CINDER HEART BEATS IN THE DARK,	余烬之心在黑暗中跳动，	餘燼之心在黑暗中跳動，	燃え殻の心臓が闇で脈打ち、	잿불 심장이 어둠 속에서 뛰고,
AND THE HOLLOW GOD SLEEPING INSIDE IT	沉睡其中的空洞之神	沉睡其中的空洞之神	その中で眠る虚ろな神は	그 안에 잠든 텅 빈 신은
WEARS THE FACE OF THE ASHEN KING.	长着灰烬之王的面容。	長著灰燼之王的面容。	灰の王の顔をしている。	잿빛 왕의 얼굴을 하고 있다.
WHAT IS LEFT OF HIM WILL NOT LET YOU PASS.	他的残余不会放你通过。	他的殘餘不會放你通過。	彼の残滓が行く手を阻む。	그의 잔해가 당신을 막아선다.
THE HOLLOW KING	空洞之王	空洞之王	虚ろな王	텅 빈 왕
THE HOLLOW KING KNEELS. FOR A MOMENT	空洞之王跪下了。片刻之间，	空洞之王跪下了。片刻之間，	虚ろな王が膝をつく。一瞬、	텅 빈 왕이 무릎을 꿇는다. 잠시 동안
THE OLD KING'S EYES ARE HIS OWN AGAIN.	老国王的眼神重新属于他自己。	老國王的眼神重新屬於他自己。	老王の瞳が彼自身に戻る。	늙은 왕의 눈이 다시 그의 것이 된다.
"KEEP THE SEAL," HE SAYS, AND IS ASH.	“守住封印。”他说完便化为灰烬。	「守住封印。」他說完便化為灰燼。	「封印を守れ」と言い、灰となる。	"봉인을 지켜라." 그리고 재가 된다.
THE CINDER HEART DIMS - BUT DOES NOT DIE.	余烬之心黯淡下来——却没有熄灭。	餘燼之心黯淡下來——卻沒有熄滅。	燃え殻の心臓は翳る。だが死なない。	잿불 심장이 희미해진다. 하지만 죽지 않는다.
THE ASH STOPS FALLING ON CINDERMERE.	辛德米尔不再落下灰烬。	辛德米爾不再落下灰燼。	シンダーミアに灰が降り止む。	신더미어에 재가 그친다.
BROTHER ALDRIC RINGS THE CRYPT BELLS AT DAWN.	黎明时，奥德里克修士敲响地穴之钟。	黎明時，奧德里克修士敲響地穴之鐘。	夜明け、アルドリクが聖堂の鐘を鳴らす。	새벽에 알드릭 수사가 납골당 종을 울린다.
BUT THE DEPTHS GO ON, DEEPER THAN ANY MAP,	但深渊仍在延续，比任何地图都深，	但深淵仍在延續，比任何地圖都深，	だが深淵はどの地図よりも深く続き、	하지만 심연은 어떤 지도보다 깊이 이어지고,
AND THE HEART BELOW STILL BEATS.	而底下的心脏仍在跳动。	而底下的心臟仍在跳動。	その下の心臓はまだ脈打つ。	아래의 심장은 여전히 뛴다.
THE DESCENT CONTINUES: TORMENT AWAITS.	深入仍在继续：折磨等待着你。	深入仍在繼續：折磨等待著你。	降下は続く。苦痛が待つ。	하강은 계속된다. 고통이 기다린다.
TORMENTED %s	受折磨的%s	受折磨的%s	苦痛の%s	고통받는 %s
BONELORD	骸骨领主	骸骨領主	骨の王	뼈 군주
NIGHTWING	夜翼	夜翼	夜翼	밤날개
GRAVE GLUTTON	墓穴饕餮	墓穴饕餮	墓の大食らい	무덤 포식자
BROODMOTHER	育母	育母	産みの母	번식모
PIT FIEND	深坑魔	深坑魔	穴の魔物	구덩이 악마
HIGH ZEALOT	狂信大祭司	狂信大祭司	大狂信者	고위 광신자
COLOSSUS	巨像	巨像	巨像	거상
