// Story acts VI-X (the Torment campaign), the finale and the sixteen lost pages.
MYTHIC	神话	神話	神話	신화
FINALE	终章	終章	終章	최종장
ACT VI - THE DROWNED CRYPT	第六幕 - 淹没的地穴	第六幕 - 淹沒的地穴	第六幕 - 水没の聖堂	제6막 - 물에 잠긴 납골당
BELOW THE VOID THE STAIRS BEGIN AGAIN,	虚空之下，阶梯再次出现，	虛空之下，階梯再次出現，	虚空の下で、階段は再び始まり、	공허 아래에서 계단이 다시 시작되어,
INTO A CRYPT YOU KNOW TOO WELL.	通往一座你再熟悉不过的地穴。	通往一座你再熟悉不過的地穴。	見覚えのありすぎる聖堂へ続く。	너무나 익숙한 납골당으로 이어진다.
BLACK WATER FILLS IT. THE DEAD HERE WEAR	黑水灌满其中。这里的死者	黑水灌滿其中。這裡的死者	黒い水が満ちている。ここの死者は	검은 물이 차 있다. 이곳의 망자는
THE FACES OF HEROES WHO FELL BEFORE YOU.	长着在你之前倒下的英雄的脸。	長著在你之前倒下的英雄的臉。	先に倒れた英雄たちの顔をしている。	먼저 쓰러진 영웅들의 얼굴을 하고 있다.
ALDRIC'S TORCH WHISPERS: SHE IS DOWN HERE.	奥德里克的火把低语：她就在下面。	奧德里克的火把低語：她就在下面。	アルドリクの松明が囁く：彼女はここだ。	알드릭의 횃불이 속삭인다: 그녀가 여기 있다.
SISTER MAELIS THE DROWNED	溺亡修女梅莉丝	溺亡修女梅莉絲	溺れた修道女マエリス	익사한 수녀 마엘리스
MAELIS, FIRST KEEPER OF THE SEAL, SINKS.	梅莉丝，封印的第一位守护者，沉了下去。	梅莉絲，封印的第一位守護者，沉了下去。	封印の最初の番人マエリスが沈む。	봉인의 첫 수호자 마엘리스가 가라앉는다.
"I HELD IT FOR NINETY YEARS," SHE SIGHS.	“我守了它九十年，”她叹息道。	「我守了它九十年，」她嘆息道。	「九十年守った」と彼女は嘆く。	"구십 년을 지켰다," 그녀가 한숨 쉰다.
"THEN IT BEGAN TO HOLD ME."	“然后，它开始守着我。”	「然後，它開始守著我。」	「やがて封印が私を縛った」	"그러자 봉인이 나를 붙잡았다."
BENEATH HER, ROOTS CRACK THE STONE.	在她身下，树根撑裂了岩石。	在她身下，樹根撐裂了岩石。	その下で、根が石を割る。	그녀 아래에서 뿌리가 돌을 가른다.
ACT VII - THE BONE ORCHARD	第七幕 - 白骨果园	第七幕 - 白骨果園	第七幕 - 骨の果樹園	제7막 - 뼈의 과수원
HERE THE DEAD ARE NOT BURIED. THEY ARE PLANTED.	这里的死者不是被埋葬，而是被种下。	這裡的死者不是被埋葬，而是被種下。	ここでは死者は埋められず、植えられる。	이곳의 망자는 묻히지 않는다. 심어진다.
PALE TREES GROW FROM RIBS AND SKULLS,	苍白的树从肋骨和头骨中长出，	蒼白的樹從肋骨和頭骨中長出，	肋骨と頭蓋から白い木が生え、	갈비뼈와 해골에서 창백한 나무가 자라고,
AND THEIR FRUIT WHISPERS IN THE OLD TONGUE.	果实用古老的语言低语。	果實用古老的語言低語。	その実は古い言葉で囁く。	그 열매는 옛말로 속삭인다.
SOMETHING TENDS THIS ORCHARD,	有什么在照料这片果园，	有什麼在照料這片果園，	何かがこの果樹園を育てている。	무언가 이 과수원을 돌보고 있고,
AND IT HAS BEEN WAITING FOR A NEW SEED.	它一直在等待一颗新的种子。	它一直在等待一顆新的種子。	新しい種をずっと待っていた。	새로운 씨앗을 기다려 왔다.
THE ROOT MOTHER	根须之母	根鬚之母	根の母	뿌리 어미
THE ROOT MOTHER WITHERS TO DUST.	根须之母枯萎成尘。	根鬚之母枯萎成塵。	根の母は枯れて塵となる。	뿌리 어미가 시들어 먼지가 된다.
EVERY TREE IN THE ORCHARD TURNS ITS FACE	果园里的每一棵树都转过脸，	果園裡的每一棵樹都轉過臉，	果樹園の木々はすべて顔を向ける、	과수원의 모든 나무가 얼굴을 돌린다,
TOWARD THE HEAT RISING FROM BELOW.	望向从下方升起的热浪。	望向從下方升起的熱浪。	下から立ちのぼる熱の方へ。	아래에서 올라오는 열기를 향해.
THE FORGES HAVE BEEN LIT AGAIN.	熔炉又被点燃了。	熔爐又被點燃了。	炉に再び火が入った。	용광로에 다시 불이 붙었다.
ACT VIII - THE BLACK ANVIL	第八幕 - 黑铁砧	第八幕 - 黑鐵砧	第八幕 - 黒い金床	제8막 - 검은 모루
YOU KILLED THE FORGEMASTER. IT DID NOT MATTER.	你杀了熔炉大师，但这毫无意义。	你殺了熔爐大師，但這毫無意義。	鍛冶長は倒した。だが無意味だった。	대장장이 장인을 죽였다. 소용없었다.
THE CULT POURED HIS ASHES INTO IRON	邪教徒把他的骨灰熔进铁水，	邪教徒把他的骨灰熔進鐵水，	教団は彼の灰を鉄に注ぎ、	광신도들은 그의 재를 쇠에 부어
AND HAMMERED HIM BACK TOGETHER.	又把他重新锻打成形。	又把他重新鍛打成形。	叩いて元の姿に戻した。	두드려 다시 붙였다.
NOW HE FORGES THE LAST PIECE OF THE KEY	如今他正在锻造钥匙的最后一块，	如今他正在鍛造鑰匙的最後一塊，	今、彼は鍵の最後の欠片を打っている、	이제 그는 열쇠의 마지막 조각을 벼린다,
ON AN ANVIL MADE FROM A FALLEN STAR.	用的是一颗陨星做成的铁砧。	用的是一顆隕星做成的鐵砧。	落ちた星で作った金床の上で。	떨어진 별로 만든 모루 위에서.
KARRUK REFORGED	重铸者卡鲁克	重鑄者卡魯克	鍛え直されたカルック	다시 벼려진 카룩
KARRUK FALLS APART, PLATE BY PLATE.	卡鲁克一片片地碎裂。	卡魯克一片片地碎裂。	カルックは板金ごとに崩れ落ちる。	카룩이 판금 하나하나 무너져 내린다.
THIS TIME HE THANKS YOU.	这一次，他向你道谢。	這一次，他向你道謝。	今度は、彼は礼を言う。	이번에 그는 고맙다고 한다.
"THE KEY WAS NEVER FOR THE SEAL," HE RASPS.	“钥匙从来不是为封印准备的，”他嘶哑地说。	「鑰匙從來不是為封印準備的，」他嘶啞地說。	「鍵は封印のためではない」と彼はかすれ声で言う。	"열쇠는 봉인을 위한 게 아니었다," 그가 쉰 목소리로 말한다.
"IT WAS FOR THE ONE WHO KEEPS IT."	“而是为守护它的人。”	「而是為守護它的人。」	「封印を守る者のためだ」	"그걸 지키는 자를 위한 것이었다."
ACT IX - THE GLASS TOMB	第九幕 - 玻璃陵墓	第九幕 - 玻璃陵墓	第九幕 - 硝子の墓所	제9막 - 유리 무덤
THE ICE HERE IS CLEAR AS GLASS.	这里的冰清澈如玻璃。	這裡的冰清澈如玻璃。	ここの氷は硝子のように澄んでいる。	이곳의 얼음은 유리처럼 맑다.
FROZEN INSIDE ARE THE KEEPERS OF THE SEAL,	封冻其中的是封印的守护者们，	封凍其中的是封印的守護者們，	中に凍っているのは封印の番人たち、	그 안에 봉인의 수호자들이 얼어 있다,
ONE FOR EVERY CENTURY OF CINDERMERE.	辛德米尔的每个世纪各有一位。	辛德米爾的每個世紀各有一位。	シンダーミアの百年ごとに一人ずつ。	신더미어의 백 년마다 한 명씩.
AT THE END OF THE HALL A QUEEN WAITS	大厅尽头，一位女王在等待，	大廳盡頭，一位女王在等待，	広間の果てで女王が待つ、	전당 끝에서 한 여왕이 기다린다,
WHO REFUSED TO SHATTER A SECOND TIME.	她拒绝第二次破碎。	她拒絕第二次破碎。	二度目に砕けることを拒んだ女王が。	두 번째로 부서지기를 거부한 여왕이.
VESSA UNBROKEN	不碎的维萨	不碎的維薩	砕けぬヴェッサ	부서지지 않는 베사
VESSA KNEELS AND OFFERS YOU HER CROWN.	维萨跪下，把王冠献给你。	維薩跪下，把王冠獻給你。	ヴェッサは跪き、王冠を差し出す。	베사가 무릎 꿇고 왕관을 내민다.
"HE WILL ASK YOU TO TAKE HIS PLACE.	“他会要你取代他的位置。	「他會要你取代他的位置。	「彼はあなたに代わりを求めるでしょう。	"그는 네게 자리를 대신하라 할 거다.
EVERY KEEPER SAYS YES. I SAID YES."	每个守护者都答应了。我也答应了。”	每個守護者都答應了。我也答應了。」	番人は皆うなずいた。私も」	모든 수호자가 승낙했다. 나도 그랬다."
THE FLOOR BELOW YOU BEGINS TO BEAT.	你脚下的地面开始跳动。	你腳下的地面開始跳動。	足元の床が脈打ち始める。	발밑의 바닥이 뛰기 시작한다.
ACT X - THE CINDER HEART	第十幕 - 余烬之心	第十幕 - 餘燼之心	第十幕 - 燃え殻の心臓	제10막 - 잿불 심장
YOU STAND INSIDE THE CINDER HEART.	你站在余烬之心的内部。	你站在餘燼之心的內部。	お前は燃え殻の心臓の中に立つ。	너는 잿불 심장 안에 서 있다.
EACH BEAT SHAKES ASH FROM THE WALLS.	每一次跳动都震落墙上的灰烬。	每一次跳動都震落牆上的灰燼。	脈打つたびに壁から灰が落ちる。	박동마다 벽에서 재가 떨어진다.
THE HOLLOW GOD WEARS NO STOLEN FACE NOW.	空洞之神不再戴着偷来的面孔。	空洞之神不再戴著偷來的面孔。	虚ろな神はもう盗んだ顔をしていない。	텅 빈 신은 이제 훔친 얼굴을 쓰지 않는다.
IT WEARS YOURS.	它戴着你的脸。	它戴著你的臉。	お前の顔をしている。	네 얼굴을 쓰고 있다.
"BECOME THE SEAL," IT OFFERS, "AND REST."	“成为封印吧，”它提议，“然后安息。”	「成為封印吧，」它提議，「然後安息。」	「封印となれ」と神は誘う、「そして眠れ」	"봉인이 되어라," 그것이 권한다, "그리고 쉬어라."
THE HOLLOW GOD	空洞之神	空洞之神	虚ろな神	텅 빈 신
THE HOLLOW GOD BREAKS LIKE A FALLING STAR.	空洞之神如流星般碎裂。	空洞之神如流星般碎裂。	虚ろな神は流れ星のように砕ける。	텅 빈 신이 떨어지는 별처럼 부서진다.
THE HEART IS STILL. THE SEAL IS WHOLE.	心脏静止了。封印完整了。	心臟靜止了。封印完整了。	心臓は止まり、封印は完全となった。	심장이 멎었다. 봉인은 온전하다.
NO KEEPER WAS NEEDED THIS TIME.	这一次，不再需要守护者。	這一次，不再需要守護者。	今度は番人は要らなかった。	이번엔 수호자가 필요 없었다.
YOU WERE ENOUGH.	有你就够了。	有你就夠了。	お前で十分だった。	너로 충분했다.
ALDRIC'S TORCH BURNS WHITE, THEN GOES OUT.	奥德里克的火把燃成白色，随后熄灭。	奧德里克的火把燃成白色，隨後熄滅。	アルドリクの松明が白く燃え、消える。	알드릭의 횃불이 하얗게 타오르고 꺼진다.
HIS VOICE COMES ONE LAST TIME:	他的声音最后一次传来：	他的聲音最後一次傳來：	最後にもう一度、彼の声がする：	그의 목소리가 마지막으로 들린다:
"I WAS NEVER JUST A MONK. I WAS A KEEPER.	“我从来不只是个修士。我也是守护者。	「我從來不只是個修士。我也是守護者。	「私はただの修道士ではなかった。番人だった。	"나는 그저 수도사가 아니었다. 수호자였다.
NOW THE DEPTHS ARE YOURS TO WALK."	如今，深渊由你来行走。”	如今，深淵由你來行走。」	これからは深淵はお前が歩む道だ」	이제 심연은 네가 걸을 길이다."
THE TORMENT GOES ON. SO DO YOU.	折磨仍在继续。你也一样。	折磨仍在繼續。你也一樣。	苦痛は続く。お前も進み続ける。	고통은 계속된다. 너도 그렇다.
A MINER'S NOTE	矿工的字条	礦工的字條	坑夫の書き付け	광부의 쪽지
WE DUG TOO DEEP UNDER THE CHAPEL.	我们在礼拜堂下挖得太深了。	我們在禮拜堂下挖得太深了。	礼拝堂の下を深く掘りすぎた。	예배당 밑을 너무 깊이 팠다.
THE ROCK WAS WARM, AND IT WAS BREATHING.	岩石是温热的，而且在呼吸。	岩石是溫熱的，而且在呼吸。	岩は温かく、息をしていた。	바위는 따뜻했고, 숨을 쉬고 있었다.
THE BELL RINGER	敲钟人	敲鐘人	鐘つき	종지기
ALDRIC RINGS THE BELLS TO WAKE THE TOWN.	奥德里克敲钟是为了唤醒小镇。	奧德里克敲鐘是為了喚醒小鎮。	アルドリクは町を起こすため鐘を鳴らす。	알드릭은 마을을 깨우려고 종을 친다.
NO. HE RINGS THEM TO KEEP SOMETHING ASLEEP.	不。他敲钟是为了让某样东西继续沉睡。	不。他敲鐘是為了讓某樣東西繼續沉睡。	違う。何かを眠らせておくためだ。	아니. 무언가를 계속 재우려고 친다.
A CULTIST'S PRAYER	邪教徒的祷文	邪教徒的禱文	教団員の祈り	광신도의 기도
HOLLOW ONE, WE GIVE YOU OUR NAMES.	空洞者啊，我们献上我们的名字。	空洞者啊，我們獻上我們的名字。	虚ろなる者よ、我らの名を捧げる。	텅 빈 자여, 우리의 이름을 바친다.
GIVE US BACK THE FIRE.	把火还给我们。	把火還給我們。	火を返したまえ。	불을 돌려 다오.
THE KING'S DECREE	国王的诏令	國王的詔令	王の勅令	왕의 칙령
LET NO KING AFTER ME BE BURIED.	我之后的国王，皆不得下葬。	我之後的國王，皆不得下葬。	我が後の王は誰も葬るな。	내 뒤의 어떤 왕도 묻지 마라.
THE SEAL NEEDS A LIVING HEART.	封印需要一颗活着的心。	封印需要一顆活著的心。	封印には生きた心臓が要る。	봉인에는 살아 있는 심장이 필요하다.
A CHILD'S DRAWING	孩子的画	孩子的畫	子供の絵	아이의 그림
A LITTLE FIGURE WITH A TORCH,	一个举着火把的小人，	一個舉著火把的小人，	松明を持った小さな人、	횃불을 든 작은 사람,
AND BELOW IT A HUGE EYE, COLOURED RED.	下面是一只涂成红色的巨大眼睛。	下面是一隻塗成紅色的巨大眼睛。	その下に赤く塗られた大きな目。	그 아래 빨갛게 칠한 커다란 눈.
DWARVEN LEDGER	矮人账簿	矮人帳簿	ドワーフの帳簿	드워프의 장부
ONE THOUSAND KEYS FORGED. NONE FIT.	锻造了一千把钥匙，没有一把合适。	鍛造了一千把鑰匙，沒有一把合適。	鍵を千本打った。どれも合わない。	열쇠 천 개를 벼렸다. 맞는 건 없다.
THE LOCK CHANGES WHEN YOU LOOK AT IT.	你一看它，锁就会改变。	你一看它，鎖就會改變。	錠前は見るたびに形を変える。	자물쇠는 볼 때마다 변한다.
VESSA'S LETTER	维萨的信	維薩的信	ヴェッサの手紙	베사의 편지
MY LOVE, THE ICE IS KIND. IT ASKS NOTHING.	亲爱的，冰很温柔，它什么也不要求。	親愛的，冰很溫柔，它什麼也不要求。	愛しい人、氷は優しい。何も求めない。	내 사랑, 얼음은 다정해요. 아무것도 묻지 않아요.
COME HOME, OR LET ME COME DOWN.	回家吧，或者让我下去找你。	回家吧，或者讓我下去找你。	帰ってきて。でなければ私が下りる。	돌아와요, 아니면 내가 내려갈게요.
A HUNTER'S WARNING	猎人的警告	獵人的警告	狩人の警告	사냥꾼의 경고
IF YOU SEE A GOBLIN WITH A SACK, CHASE IT.	看见背袋子的哥布林，就去追。	看見背袋子的哥布林，就去追。	袋を持ったゴブリンを見たら追え。	자루 든 고블린을 보면 쫓아라.
IF THE SACK CHASES YOU, RUN.	要是袋子追你，就快跑。	要是袋子追你，就快跑。	袋が追ってきたら逃げろ。	자루가 너를 쫓으면 도망쳐라.
THE SECOND KEEPER	第二位守护者	第二位守護者	二人目の番人	두 번째 수호자
I HAVE FORGOTTEN MY MOTHER'S FACE.	我已经忘了母亲的脸。	我已經忘了母親的臉。	母の顔を忘れてしまった。	어머니의 얼굴을 잊었다.
I REMEMBER EVERY CRACK IN THE SEAL.	却记得封印上的每一道裂痕。	卻記得封印上的每一道裂痕。	封印のひびはすべて覚えている。	봉인의 금은 하나하나 기억한다.
SHRINE INSCRIPTION	神龛铭文	神龕銘文	祠の銘文	성소의 비문
WHO KNEELS HERE IS LENT A LITTLE FIRE.	在此跪拜者，将借得一点火焰。	在此跪拜者，將借得一點火焰。	ここに跪く者は少しの火を借りる。	여기 무릎 꿇는 자는 작은 불을 빌린다.
ALL FIRE IS RETURNED IN THE END.	所有的火，终将归还。	所有的火，終將歸還。	火はすべて、いつか返される。	모든 불은 결국 돌려준다.
MAELIS' DIARY	梅莉丝的日记	梅莉絲的日記	マエリスの日記	마엘리스의 일기
THE WATER RISES ONE STEP EACH YEAR.	水每年上涨一级台阶。	水每年上漲一級台階。	水は毎年一段ずつ上がる。	물은 해마다 한 계단씩 차오른다.
WHEN IT REACHES THE BELLS, IT IS YOUR TURN.	等它淹到钟楼，就轮到你了。	等它淹到鐘樓，就輪到你了。	鐘に届いたら、次はあなたの番。	종에 닿으면, 네 차례다.
A MERCHANT'S RECEIPT	商人的收据	商人的收據	商人の領収書	상인의 영수증
ONE TORCH, BLESSED. PAID IN FULL BY A MONK.	火把一支，已祝福。由一位修士全额付清。	火把一支，已祝福。由一位修士全額付清。	祝福済みの松明一本。修道士が全額支払い。	축복받은 횃불 하나. 수도사가 전액 지불.
HE INSISTED IT NEVER BE PUT OUT.	他坚持要求它永不熄灭。	他堅持要求它永不熄滅。	決して消すなと念を押された。	절대 꺼지면 안 된다고 고집했다.
THE ROOT MOTHER'S SONG	根须之母的歌	根鬚之母的歌	根の母の歌	뿌리 어미의 노래
SLEEP, LITTLE BONES, AND GROW.	睡吧，小骨头，快快长大。	睡吧，小骨頭，快快長大。	眠れ、小さな骨よ、そして育て。	자거라, 작은 뼈야, 그리고 자라라.
THE HEART BELOW IS HUNGRY TOO.	下面的心脏也饿了。	下面的心臟也餓了。	下の心臓も飢えている。	아래의 심장도 배가 고프단다.
KARRUK'S LAST ORDER	卡鲁克的最后命令	卡魯克的最後命令	カルックの最後の命令	카룩의 마지막 명령
BREAK EVERY HAMMER IF I FALL.	我若倒下，就砸碎所有锤子。	我若倒下，就砸碎所有錘子。	俺が倒れたら鎚をすべて折れ。	내가 쓰러지면 망치를 모두 부숴라.
THEY DID NOT. THEY NEVER DO.	他们没有照做。他们从来不会。	他們沒有照做。他們從來不會。	誰も従わなかった。いつもそうだ。	그들은 그러지 않았다. 늘 그렇듯.
THE FIRST PAGE	第一页	第一頁	最初のページ	첫 번째 쪽
BEFORE CINDERMERE THERE WAS ONLY THE HEART,	在辛德米尔之前，这里只有那颗心脏，	在辛德米爾之前，這裡只有那顆心臟，	シンダーミアの前には心臓だけがあった、	신더미어 이전엔 심장만 있었다,
AND ONE STRANGER WHO CHOSE TO STAY.	和一个选择留下的陌生人。	和一個選擇留下的陌生人。	そして留まることを選んだ旅人が一人。	그리고 머물기로 한 낯선 이 하나.
AN UNSENT LETTER	未寄出的信	未寄出的信	出されなかった手紙	부치지 못한 편지
IF YOU READ THIS, YOU WENT DEEPER THAN I DID.	如果你读到这封信，说明你比我走得更深。	如果你讀到這封信，說明你比我走得更深。	これを読むなら、君は私より深く来た。	이걸 읽는다면, 너는 나보다 깊이 왔다.
TELL THEM I TRIED.	告诉他们，我尽力了。	告訴他們，我盡力了。	私も努力したと伝えてくれ。	내가 노력했다고 전해 다오.
